1	層順1から	++++----	180°まで	0.03	5.9e-13	4.4e-16	1.20e-04	外へ折る（先がぜんぶ外側）	1241
2	塗り分けから	+--+-++-	180°まで	0.02	3.7e-13	3.3e-16	9.10e-05	どちらでもない（一部だけ中に入る）	2135
3	総当り	++++++++	180°まで	0.03	5.9e-13	4.4e-16	1.20e-04	外へ折る（先がぜんぶ外側）	1244
4	総当り	+++++++-	180°まで	0.03	5.9e-13	4.4e-16	1.20e-04	外へ折る（先がぜんぶ外側）	1248
5	総当り	++++++-+	180°まで	0.03	5.9e-13	4.4e-16	1.20e-04	外へ折る（先がぜんぶ外側）	1253
6	総当り	++++++--	180°まで	0.03	5.9e-13	4.4e-16	1.20e-04	外へ折る（先がぜんぶ外側）	1250
7	総当り	+++++-++	180°まで	0.03	5.9e-13	4.4e-16	1.20e-04	外へ折る（先がぜんぶ外側）	1254
8	総当り	+++++-+-	180°まで	0.10	4.7e-13	3.3e-16	7.18e-04	どちらでもない（一部だけ中に入る）	1058
9	総当り	+++++--+	180°まで	0.03	5.9e-13	4.4e-16	1.20e-04	外へ折る（先がぜんぶ外側）	1245
10	総当り	+++++---	180°まで	0.10	4.7e-13	3.3e-16	7.18e-04	どちらでもない（一部だけ中に入る）	1055
11	総当り	++++-+++	180°まで	0.02	3.7e-13	3.3e-16	9.10e-05	どちらでもない（一部だけ中に入る）	2139
12	総当り	++++-++-	180°まで	0.02	3.7e-13	3.3e-16	9.10e-05	どちらでもない（一部だけ中に入る）	2127
13	総当り	++++-+-+	180°まで	0.02	3.7e-13	3.3e-16	9.10e-05	どちらでもない（一部だけ中に入る）	2120
14	総当り	++++-+--	180°まで	0.02	3.7e-13	3.3e-16	9.10e-05	どちらでもない（一部だけ中に入る）	2123
15	総当り	++++--++	180°まで	0.02	3.7e-13	3.3e-16	9.10e-05	どちらでもない（一部だけ中に入る）	2126
16	総当り	++++--+-	180°まで	0.03	5.9e-13	4.4e-16	1.20e-04	外へ折る（先がぜんぶ外側）	1242
17	総当り	++++---+	180°まで	0.02	3.7e-13	3.3e-16	9.10e-05	どちらでもない（一部だけ中に入る）	2137
18	総当り	+++-++++	180°まで	0.03	5.9e-13	4.4e-16	1.20e-04	外へ折る（先がぜんぶ外側）	1243
19	総当り	+++-+++-	180°まで	0.03	5.9e-13	4.4e-16	1.20e-04	外へ折る（先がぜんぶ外側）	1248
20	総当り	+++-++-+	180°まで	0.03	5.9e-13	4.4e-16	1.20e-04	外へ折る（先がぜんぶ外側）	1248
21	総当り	+++-++--	180°まで	0.03	5.9e-13	4.4e-16	1.20e-04	外へ折る（先がぜんぶ外側）	1244
22	総当り	+++-+-++	180°まで	0.03	5.9e-13	4.4e-16	1.20e-04	外へ折る（先がぜんぶ外側）	1240
23	総当り	+++-+-+-	180°まで	0.10	4.7e-13	3.3e-16	7.18e-04	どちらでもない（一部だけ中に入る）	1048
24	総当り	+++-+--+	180°まで	0.03	5.9e-13	4.4e-16	1.20e-04	外へ折る（先がぜんぶ外側）	1235
25	総当り	+++-+---	180°まで	0.10	4.7e-13	3.3e-16	7.18e-04	どちらでもない（一部だけ中に入る）	1040
26	総当り	+++--+++	180°まで	0.02	3.7e-13	3.3e-16	9.10e-05	どちらでもない（一部だけ中に入る）	2130
27	総当り	+++--++-	180°まで	0.02	3.7e-13	3.3e-16	9.10e-05	どちらでもない（一部だけ中に入る）	2115
28	総当り	+++--+-+	180°まで	0.02	3.7e-13	3.3e-16	9.10e-05	どちらでもない（一部だけ中に入る）	2125
29	総当り	+++--+--	180°まで	0.02	3.7e-13	3.3e-16	9.10e-05	どちらでもない（一部だけ中に入る）	2131
30	総当り	+++---++	180°まで	0.02	3.7e-13	3.3e-16	9.10e-05	どちらでもない（一部だけ中に入る）	2127
31	総当り	+++---+-	180°まで	0.03	5.9e-13	4.4e-16	1.20e-04	外へ折る（先がぜんぶ外側）	1244
32	総当り	+++----+	180°まで	0.02	3.7e-13	3.3e-16	9.10e-05	どちらでもない（一部だけ中に入る）	2134
33	総当り	+++-----	180°まで	0.03	5.9e-13	4.4e-16	1.20e-04	外へ折る（先がぜんぶ外側）	1241
34	総当り	++-+++++	180°まで	0.03	5.9e-13	4.4e-16	1.20e-04	外へ折る（先がぜんぶ外側）	1236
35	総当り	++-++++-	180°まで	0.03	5.9e-13	4.4e-16	1.20e-04	外へ折る（先がぜんぶ外側）	1240
36	総当り	++-+++-+	180°まで	0.03	5.9e-13	4.4e-16	1.20e-04	外へ折る（先がぜんぶ外側）	1232
37	総当り	++-+++--	180°まで	0.03	5.9e-13	4.4e-16	1.20e-04	外へ折る（先がぜんぶ外側）	1231
38	総当り	++-++-++	180°まで	0.03	5.9e-13	4.4e-16	1.20e-04	外へ折る（先がぜんぶ外側）	1240
39	総当り	++-++-+-	180°まで	0.10	4.7e-13	3.3e-16	7.18e-04	どちらでもない（一部だけ中に入る）	1058
40	総当り	++-++--+	180°まで	0.03	5.9e-13	4.4e-16	1.20e-04	外へ折る（先がぜんぶ外側）	1236
41	総当り	++-++---	180°まで	0.10	4.7e-13	3.3e-16	7.18e-04	どちらでもない（一部だけ中に入る）	1065
42	総当り	++-+-+++	180°まで	0.02	3.7e-13	3.3e-16	9.10e-05	どちらでもない（一部だけ中に入る）	2144
43	総当り	++-+-++-	180°まで	0.02	3.7e-13	3.3e-16	9.10e-05	どちらでもない（一部だけ中に入る）	2139
44	総当り	++-+-+-+	180°まで	0.02	3.7e-13	3.3e-16	9.10e-05	どちらでもない（一部だけ中に入る）	2148
45	総当り	++-+-+--	180°まで	0.02	3.7e-13	3.3e-16	9.10e-05	どちらでもない（一部だけ中に入る）	2126
46	総当り	++-+--++	180°まで	0.02	3.7e-13	3.3e-16	9.10e-05	どちらでもない（一部だけ中に入る）	2119
47	総当り	++-+--+-	180°まで	0.03	5.9e-13	4.4e-16	1.20e-04	外へ折る（先がぜんぶ外側）	1239
48	総当り	++-+---+	180°まで	0.02	3.7e-13	3.3e-16	9.10e-05	どちらでもない（一部だけ中に入る）	2131
49	総当り	++-+----	180°まで	0.03	5.9e-13	4.4e-16	1.20e-04	外へ折る（先がぜんぶ外側）	1247
50	総当り	++--++++	180°まで	0.03	5.9e-13	4.4e-16	1.20e-04	外へ折る（先がぜんぶ外側）	1236
51	総当り	++--+++-	180°まで	0.03	5.9e-13	4.4e-16	1.20e-04	外へ折る（先がぜんぶ外側）	1235
52	総当り	++--++-+	180°まで	0.03	5.9e-13	4.4e-16	1.20e-04	外へ折る（先がぜんぶ外側）	1253
53	総当り	++--++--	180°まで	0.03	5.9e-13	4.4e-16	1.20e-04	外へ折る（先がぜんぶ外側）	1243
54	総当り	++--+-++	180°まで	0.03	5.9e-13	4.4e-16	1.20e-04	外へ折る（先がぜんぶ外側）	1235
55	総当り	++--+-+-	180°まで	0.10	4.7e-13	3.3e-16	7.18e-04	どちらでもない（一部だけ中に入る）	1072
56	総当り	++--+--+	180°まで	0.03	5.9e-13	4.4e-16	1.20e-04	外へ折る（先がぜんぶ外側）	1239
57	総当り	++--+---	180°まで	0.10	4.7e-13	3.3e-16	7.18e-04	どちらでもない（一部だけ中に入る）	1065
58	総当り	++---+++	180°まで	0.02	3.7e-13	3.3e-16	9.10e-05	どちらでもない（一部だけ中に入る）	2142
59	総当り	++---++-	180°まで	0.02	3.7e-13	3.3e-16	9.10e-05	どちらでもない（一部だけ中に入る）	2151
60	総当り	++---+-+	180°まで	0.02	3.7e-13	3.3e-16	9.10e-05	どちらでもない（一部だけ中に入る）	2119
61	総当り	++---+--	180°まで	0.02	3.7e-13	3.3e-16	9.10e-05	どちらでもない（一部だけ中に入る）	2124
62	総当り	++----++	180°まで	0.02	3.7e-13	3.3e-16	9.10e-05	どちらでもない（一部だけ中に入る）	2127
63	総当り	++----+-	180°まで	0.03	5.9e-13	4.4e-16	1.20e-04	外へ折る（先がぜんぶ外側）	1242
64	総当り	++-----+	180°まで	0.02	3.7e-13	3.3e-16	9.10e-05	どちらでもない（一部だけ中に入る）	2129
65	総当り	++------	180°まで	0.03	5.9e-13	4.4e-16	1.20e-04	外へ折る（先がぜんぶ外側）	1235
66	総当り	+-++++++	180°まで	0.03	5.9e-13	4.4e-16	1.20e-04	外へ折る（先がぜんぶ外側）	1238
67	総当り	+-+++++-	180°まで	0.03	5.9e-13	4.4e-16	1.20e-04	外へ折る（先がぜんぶ外側）	1245
68	総当り	+-++++-+	180°まで	0.03	5.9e-13	4.4e-16	1.20e-04	外へ折る（先がぜんぶ外側）	1238
69	総当り	+-++++--	180°まで	0.03	5.9e-13	4.4e-16	1.20e-04	外へ折る（先がぜんぶ外側）	1235
70	総当り	+-+++-++	180°まで	0.03	5.9e-13	4.4e-16	1.20e-04	外へ折る（先がぜんぶ外側）	1229
71	総当り	+-+++-+-	180°まで	0.10	4.7e-13	3.3e-16	7.18e-04	どちらでもない（一部だけ中に入る）	1048
72	総当り	+-+++--+	180°まで	0.03	5.9e-13	4.4e-16	1.20e-04	外へ折る（先がぜんぶ外側）	1235
73	総当り	+-+++---	180°まで	0.10	4.7e-13	3.3e-16	7.18e-04	どちらでもない（一部だけ中に入る）	1044
74	総当り	+-++-+++	180°まで	0.02	3.7e-13	3.3e-16	9.10e-05	どちらでもない（一部だけ中に入る）	2121
75	総当り	+-++-++-	180°まで	0.02	3.7e-13	3.3e-16	9.10e-05	どちらでもない（一部だけ中に入る）	2129
76	総当り	+-++-+-+	180°まで	0.02	3.7e-13	3.3e-16	9.10e-05	どちらでもない（一部だけ中に入る）	2126
77	総当り	+-++-+--	180°まで	0.02	3.7e-13	3.3e-16	9.10e-05	どちらでもない（一部だけ中に入る）	2137
78	総当り	+-++--++	180°まで	0.02	3.7e-13	3.3e-16	9.10e-05	どちらでもない（一部だけ中に入る）	2128
79	総当り	+-++--+-	180°まで	0.03	5.9e-13	4.4e-16	1.20e-04	外へ折る（先がぜんぶ外側）	1246
80	総当り	+-++---+	180°まで	0.02	3.7e-13	3.3e-16	9.10e-05	どちらでもない（一部だけ中に入る）	2133
81	総当り	+-++----	180°まで	0.03	5.9e-13	4.4e-16	1.20e-04	外へ折る（先がぜんぶ外側）	1242
82	総当り	+-+-++++	180°まで	0.03	5.9e-13	4.4e-16	1.20e-04	外へ折る（先がぜんぶ外側）	1237
83	総当り	+-+-+++-	180°まで	0.03	5.9e-13	4.4e-16	1.20e-04	外へ折る（先がぜんぶ外側）	1247
84	総当り	+-+-++-+	180°まで	0.03	5.9e-13	4.4e-16	1.20e-04	外へ折る（先がぜんぶ外側）	1228
85	総当り	+-+-++--	180°まで	0.03	5.9e-13	4.4e-16	1.20e-04	外へ折る（先がぜんぶ外側）	1226
86	総当り	+-+-+-++	180°まで	0.03	5.9e-13	4.4e-16	1.20e-04	外へ折る（先がぜんぶ外側）	1197
87	総当り	+-+-+-+-	180°まで	0.10	4.7e-13	3.3e-16	7.18e-04	どちらでもない（一部だけ中に入る）	1047
88	総当り	+-+-+--+	180°まで	0.03	5.9e-13	4.4e-16	1.20e-04	外へ折る（先がぜんぶ外側）	1233
89	総当り	+-+-+---	180°まで	0.10	4.7e-13	3.3e-16	7.18e-04	どちらでもない（一部だけ中に入る）	1048
90	総当り	+-+--+++	180°まで	0.02	3.7e-13	3.3e-16	9.10e-05	どちらでもない（一部だけ中に入る）	2127
91	総当り	+-+--++-	180°まで	0.02	3.7e-13	3.3e-16	9.10e-05	どちらでもない（一部だけ中に入る）	2145
92	総当り	+-+--+-+	180°まで	0.02	3.7e-13	3.3e-16	9.10e-05	どちらでもない（一部だけ中に入る）	2131
93	総当り	+-+--+--	180°まで	0.02	3.7e-13	3.3e-16	9.10e-05	どちらでもない（一部だけ中に入る）	2133
94	総当り	+-+---++	180°まで	0.02	3.7e-13	3.3e-16	9.10e-05	どちらでもない（一部だけ中に入る）	2114
95	総当り	+-+---+-	180°まで	0.03	5.9e-13	4.4e-16	1.20e-04	外へ折る（先がぜんぶ外側）	1235
96	総当り	+-+----+	180°まで	0.02	3.7e-13	3.3e-16	9.10e-05	どちらでもない（一部だけ中に入る）	2113
97	総当り	+-+-----	180°まで	0.03	5.9e-13	4.4e-16	1.20e-04	外へ折る（先がぜんぶ外側）	1231
98	総当り	+--+++++	180°まで	0.03	5.9e-13	4.4e-16	1.20e-04	外へ折る（先がぜんぶ外側）	1066
99	総当り	+--++++-	180°まで	0.03	5.9e-13	4.4e-16	1.20e-04	外へ折る（先がぜんぶ外側）	1236
100	総当り	+--+++-+	180°まで	0.03	5.9e-13	4.4e-16	1.20e-04	外へ折る（先がぜんぶ外側）	1230
101	総当り	+--+++--	180°まで	0.03	5.9e-13	4.4e-16	1.20e-04	外へ折る（先がぜんぶ外側）	1240
102	総当り	+--++-++	180°まで	0.03	5.9e-13	4.4e-16	1.20e-04	外へ折る（先がぜんぶ外側）	1169
103	総当り	+--++-+-	180°まで	0.10	4.7e-13	3.3e-16	7.18e-04	どちらでもない（一部だけ中に入る）	1056
104	総当り	+--++--+	180°まで	0.03	5.9e-13	4.4e-16	1.20e-04	外へ折る（先がぜんぶ外側）	1183
105	総当り	+--++---	180°まで	0.10	4.7e-13	3.3e-16	7.18e-04	どちらでもない（一部だけ中に入る）	1045
106	総当り	+--+-+++	180°まで	0.02	3.7e-13	3.3e-16	9.10e-05	どちらでもない（一部だけ中に入る）	2066
107	総当り	+--+-+-+	180°まで	0.02	3.7e-13	3.3e-16	9.10e-05	どちらでもない（一部だけ中に入る）	2128
108	総当り	+--+-+--	180°まで	0.02	3.7e-13	3.3e-16	9.10e-05	どちらでもない（一部だけ中に入る）	1923
109	総当り	+--+--++	180°まで	0.02	3.7e-13	3.3e-16	9.10e-05	どちらでもない（一部だけ中に入る）	2052
110	総当り	+--+--+-	180°まで	0.03	5.9e-13	4.4e-16	1.20e-04	外へ折る（先がぜんぶ外側）	887
111	総当り	+--+---+	180°まで	0.02	3.7e-13	3.3e-16	9.10e-05	どちらでもない（一部だけ中に入る）	1928
112	総当り	+--+----	180°まで	0.03	5.9e-13	4.4e-16	1.20e-04	外へ折る（先がぜんぶ外側）	1107
113	総当り	+---++++	180°まで	0.03	5.9e-13	4.4e-16	1.20e-04	外へ折る（先がぜんぶ外側）	1169
114	総当り	+---+++-	180°まで	0.03	5.9e-13	4.4e-16	1.20e-04	外へ折る（先がぜんぶ外側）	1017
115	総当り	+---++-+	180°まで	0.03	5.9e-13	4.4e-16	1.20e-04	外へ折る（先がぜんぶ外側）	1237
116	総当り	+---++--	180°まで	0.03	5.9e-13	4.4e-16	1.20e-04	外へ折る（先がぜんぶ外側）	1040
117	総当り	+---+-++	180°まで	0.03	5.9e-13	4.4e-16	1.20e-04	外へ折る（先がぜんぶ外側）	1241
118	総当り	+---+-+-	180°まで	0.10	4.7e-13	3.3e-16	7.18e-04	どちらでもない（一部だけ中に入る）	900
119	総当り	+---+--+	180°まで	0.03	5.9e-13	4.4e-16	1.20e-04	外へ折る（先がぜんぶ外側）	1168
120	総当り	+---+---	180°まで	0.10	4.7e-13	3.3e-16	7.18e-04	どちらでもない（一部だけ中に入る）	765
121	総当り	+----+++	180°まで	0.02	3.7e-13	3.3e-16	9.10e-05	どちらでもない（一部だけ中に入る）	1650
122	総当り	+----++-	180°まで	0.02	3.7e-13	3.3e-16	9.10e-05	どちらでもない（一部だけ中に入る）	1287
123	総当り	+----+-+	180°まで	0.02	3.7e-13	3.3e-16	9.10e-05	どちらでもない（一部だけ中に入る）	1438
124	総当り	+----+--	180°まで	0.02	3.7e-13	3.3e-16	9.10e-05	どちらでもない（一部だけ中に入る）	1550
125	総当り	+-----++	180°まで	0.02	3.7e-13	3.3e-16	9.10e-05	どちらでもない（一部だけ中に入る）	1633
126	総当り	+-----+-	180°まで	0.03	5.9e-13	4.4e-16	1.20e-04	外へ折る（先がぜんぶ外側）	829
127	総当り	+------+	180°まで	0.02	3.7e-13	3.3e-16	9.10e-05	どちらでもない（一部だけ中に入る）	1832
128	総当り	+-------	180°まで	0.03	5.9e-13	4.4e-16	1.20e-04	外へ折る（先がぜんぶ外側）	857
